Drug,formula,molecular_weight,URL
CID000003954,C29H34ClN2O2+,478.0,https://pubchem.ncbi.nlm.nih.gov/compound/000003954
CID000004829,C19H20N2O3S,356.4,https://pubchem.ncbi.nlm.nih.gov/compound/000004829
CID000004140,C20H25N3O2,339.4,https://pubchem.ncbi.nlm.nih.gov/compound/000004140
CID000002909,C62H111N11O12,1202.6,https://pubchem.ncbi.nlm.nih.gov/compound/000002909
CID000003676,C14H22N2O,234.34,https://pubchem.ncbi.nlm.nih.gov/compound/000003676
CID000003339,C20H21ClO4,360.8,https://pubchem.ncbi.nlm.nih.gov/compound/000003339
CID000005656,C17H27NO2,277.4,https://pubchem.ncbi.nlm.nih.gov/compound/000005656
CID000000853,C15H11I4NO4,776.87,https://pubchem.ncbi.nlm.nih.gov/compound/000000853
CID000119607,C16H14N2O3S,314.4,https://pubchem.ncbi.nlm.nih.gov/compound/000119607
CID000004889,C23H36O7,424.5,https://pubchem.ncbi.nlm.nih.gov/compound/000004889
CID000003154,C10H16N2O4S3,324.4,https://pubchem.ncbi.nlm.nih.gov/compound/000003154
CID000005029,C18H21N3O3S,359.4,https://pubchem.ncbi.nlm.nih.gov/compound/000005029
CID000003823,C26H28Cl2N4O4,531.4,https://pubchem.ncbi.nlm.nih.gov/compound/000003823
CID000003937,C21H31N3O5,405.5,https://pubchem.ncbi.nlm.nih.gov/compound/000003937
CID000003883,C16H14F3N3O2S,369.4,https://pubchem.ncbi.nlm.nih.gov/compound/000003883
CID000004885,C10H17N3S,211.33,https://pubchem.ncbi.nlm.nih.gov/compound/000004885
CID000003961,C22H23ClN6O,422.9,https://pubchem.ncbi.nlm.nih.gov/compound/000003961
CID000060835,C18H19NOS,297.4,https://pubchem.ncbi.nlm.nih.gov/compound/000060835
CID000002622,C19H24N6O5S2,480.6,https://pubchem.ncbi.nlm.nih.gov/compound/000002622
CID000004609,C8H14N2O4Pt,397.29,https://pubchem.ncbi.nlm.nih.gov/compound/000004609
CID003468412,C47H75NO17,926.1,https://pubchem.ncbi.nlm.nih.gov/compound/003468412
CID000060147,C20H28N2O5S,408.5,https://pubchem.ncbi.nlm.nih.gov/compound/000060147
CID000002244,C9H8O4,180.16,https://pubchem.ncbi.nlm.nih.gov/compound/000002244
CID000002806,C16H16ClNO2S,321.8,https://pubchem.ncbi.nlm.nih.gov/compound/000002806
CID000003446,C9H17NO2,171.24,https://pubchem.ncbi.nlm.nih.gov/compound/000003446
CID000005352,C20H17FO3S,356.4,https://pubchem.ncbi.nlm.nih.gov/compound/000005352
CID000004112,C20H22N8O5,454.4,https://pubchem.ncbi.nlm.nih.gov/compound/000004112
CID000004635,C18H21NO4,315.4,https://pubchem.ncbi.nlm.nih.gov/compound/000004635
CID000002088,C4H13NO7P2,249.1,https://pubchem.ncbi.nlm.nih.gov/compound/000002088
CID000002311,C24H28N2O5,424.5,https://pubchem.ncbi.nlm.nih.gov/compound/000002311
CID000000772,C26H42N2O37S5,1134.9,https://pubchem.ncbi.nlm.nih.gov/compound/000000772
CID000003672,C13H18O2,206.28,https://pubchem.ncbi.nlm.nih.gov/compound/000003672
CID000004583,C18H20FN3O4,361.4,https://pubchem.ncbi.nlm.nih.gov/compound/000004583
CID000003639,C7H8ClN3O4S2,297.7,https://pubchem.ncbi.nlm.nih.gov/compound/000003639
CID000004585,C17H20N4S,312.4,https://pubchem.ncbi.nlm.nih.gov/compound/000004585
CID000003899,C12H9F3N2O2,270.21,https://pubchem.ncbi.nlm.nih.gov/compound/000003899
CID000004616,C15H11ClN2O2,286.71,https://pubchem.ncbi.nlm.nih.gov/compound/000004616
CID000005064,C8H12N4O5,244.2,https://pubchem.ncbi.nlm.nih.gov/compound/000005064
CID000003929,C16H20FN3O4,337.35,https://pubchem.ncbi.nlm.nih.gov/compound/000003929
CID000051263,C21H32N6O3,416.5,https://pubchem.ncbi.nlm.nih.gov/compound/000051263
CID000065999,C33H30N4O2,514.6,https://pubchem.ncbi.nlm.nih.gov/compound/000065999
CID000083786,C5H4N4O,136.11,https://pubchem.ncbi.nlm.nih.gov/compound/000083786
CID000002524,C27H44O3,416.6,https://pubchem.ncbi.nlm.nih.gov/compound/000002524
CID000003405,C19H19N7O6,441.4,https://pubchem.ncbi.nlm.nih.gov/compound/000003405
CID000667490,C5H4N4S,152.18,https://pubchem.ncbi.nlm.nih.gov/compound/000667490
CID000003062,C41H64O14,780.9,https://pubchem.ncbi.nlm.nih.gov/compound/000003062
CID000071616,C16H14F3N5O,349.31,https://pubchem.ncbi.nlm.nih.gov/compound/000071616
CID000004091,C4H11N5,129.16,https://pubchem.ncbi.nlm.nih.gov/compound/000004091
CID000005090,C17H14O4S,314.4,https://pubchem.ncbi.nlm.nih.gov/compound/000005090
CID000004170,C16H16ClN3O3S,365.8,https://pubchem.ncbi.nlm.nih.gov/compound/000004170
CID000005095,C16H24N2O,260.37,https://pubchem.ncbi.nlm.nih.gov/compound/000005095
CID000005291,C29H31N7O,493.6,https://pubchem.ncbi.nlm.nih.gov/compound/000005291
CID000019090,C22H30O3,342.5,https://pubchem.ncbi.nlm.nih.gov/compound/000019090
CID000002802,C15H10ClN3O3,315.71,https://pubchem.ncbi.nlm.nih.gov/compound/000002802
CID000004900,C21H26O5,358.4,https://pubchem.ncbi.nlm.nih.gov/compound/000004900
CID000002803,C9H9Cl2N3,230.09,https://pubchem.ncbi.nlm.nih.gov/compound/000002803
CID000003365,C13H12F2N6O,306.27,https://pubchem.ncbi.nlm.nih.gov/compound/000003365
CID000000942,C10H14N2,162.23,https://pubchem.ncbi.nlm.nih.gov/compound/000000942
CID000062924,C22H27F3O4S,444.5,https://pubchem.ncbi.nlm.nih.gov/compound/000062924
CID000001065,C20H24N2O2,324.4,https://pubchem.ncbi.nlm.nih.gov/compound/000001065
CID000005512,C22H31NO,325.5,https://pubchem.ncbi.nlm.nih.gov/compound/000005512
CID000041781,C16H20N4O3S,348.4,https://pubchem.ncbi.nlm.nih.gov/compound/000041781
CID000005039,C13H22N4O3S,314.41,https://pubchem.ncbi.nlm.nih.gov/compound/000005039
CID000004679,C16H15F2N3O4S,383.4,https://pubchem.ncbi.nlm.nih.gov/compound/000004679
CID000005523,C16H25NO2,263.37,https://pubchem.ncbi.nlm.nih.gov/compound/000005523
CID000002520,C27H38N2O4,454.6,https://pubchem.ncbi.nlm.nih.gov/compound/000002520
CID000005038,C23H32N2O5,416.5,https://pubchem.ncbi.nlm.nih.gov/compound/000005038
CID000005035,C28H27NO4S,473.6,https://pubchem.ncbi.nlm.nih.gov/compound/000005035
CID000005426,C13H10N2O4,258.23,https://pubchem.ncbi.nlm.nih.gov/compound/000005426
CID000002662,C17H14F3N3O2S,381.4,https://pubchem.ncbi.nlm.nih.gov/compound/000002662
CID000004873,ClK,74.55,https://pubchem.ncbi.nlm.nih.gov/compound/000004873
CID000005556,C17H12Cl2N4,343.2,https://pubchem.ncbi.nlm.nih.gov/compound/000005556
CID000006691,C19H16O4,308.3,https://pubchem.ncbi.nlm.nih.gov/compound/000006691
CID000002666,C16H17N3O4S,347.4,https://pubchem.ncbi.nlm.nih.gov/compound/000002666
CID000002749,C12H17NO2,207.27,https://pubchem.ncbi.nlm.nih.gov/compound/000002749
CID000004411,C17H27NO4,309.4,https://pubchem.ncbi.nlm.nih.gov/compound/000004411
CID000004748,C21H26ClN3OS,404.0,https://pubchem.ncbi.nlm.nih.gov/compound/000004748
CID000005533,C19H22ClN5O,371.9,https://pubchem.ncbi.nlm.nih.gov/compound/000005533
CID004475485,C22H30FN3O6S,483.6,https://pubchem.ncbi.nlm.nih.gov/compound/004475485
CID000003016,C16H13ClN2O,284.74,https://pubchem.ncbi.nlm.nih.gov/compound/000003016
CID000003379,C24H31FO6,434.5,https://pubchem.ncbi.nlm.nih.gov/compound/000003379
CID000005719,C17H15N5O,305.33,https://pubchem.ncbi.nlm.nih.gov/compound/000005719
CID000003440,C12H11ClN2O5S,330.74,https://pubchem.ncbi.nlm.nih.gov/compound/000003440
CID000003325,C8H15N7O2S3,337.5,https://pubchem.ncbi.nlm.nih.gov/compound/000003325
CID000003403,C24H26FNO4,411.5,https://pubchem.ncbi.nlm.nih.gov/compound/000003403
CID000002118,C17H13ClN4,308.8,https://pubchem.ncbi.nlm.nih.gov/compound/000002118
CID000003382,C26H32F2O7,494.5,https://pubchem.ncbi.nlm.nih.gov/compound/000003382
CID000003463,C15H22O3,250.33,https://pubchem.ncbi.nlm.nih.gov/compound/000003463
CID000004510,C3H5N3O9,227.09,https://pubchem.ncbi.nlm.nih.gov/compound/000004510
CID000004058,C15H21NO2,247.33,https://pubchem.ncbi.nlm.nih.gov/compound/000004058
CID000004171,C15H25NO3,267.36,https://pubchem.ncbi.nlm.nih.gov/compound/000004171
CID000005647,C13H20N6O4,324.34,https://pubchem.ncbi.nlm.nih.gov/compound/000005647
CID000003308,C17H21NO3,287.35,https://pubchem.ncbi.nlm.nih.gov/compound/000003308
CID000004173,C6H9N3O3,171.15,https://pubchem.ncbi.nlm.nih.gov/compound/000004173
CID000000450,C18H24O2,272.4,https://pubchem.ncbi.nlm.nih.gov/compound/000000450
CID000060854,C21H21ClN4OS,412.9,https://pubchem.ncbi.nlm.nih.gov/compound/000060854
CID000002895,C20H21N,275.4,https://pubchem.ncbi.nlm.nih.gov/compound/000002895
CID000005650,C24H29N5O3,435.5,https://pubchem.ncbi.nlm.nih.gov/compound/000005650
CID000028112,AlH4Li,38.0,https://pubchem.ncbi.nlm.nih.gov/compound/000028112
CID000004927,C17H20N2S,284.4,https://pubchem.ncbi.nlm.nih.gov/compound/000004927
CID000003784,C19H21N3O5,371.4,https://pubchem.ncbi.nlm.nih.gov/compound/000003784
CID000005402,C21H25N,291.4,https://pubchem.ncbi.nlm.nih.gov/compound/000005402
CID000005732,C19H21N3O,307.4,https://pubchem.ncbi.nlm.nih.gov/compound/000005732
CID000003958,C15H10Cl2N2O2,321.2,https://pubchem.ncbi.nlm.nih.gov/compound/000003958
CID000005487,C9H8ClN5S,253.71,https://pubchem.ncbi.nlm.nih.gov/compound/000005487
CID000002022,C8H11N5O3,225.2,https://pubchem.ncbi.nlm.nih.gov/compound/000002022
CID000003345,C22H28N2O,336.5,https://pubchem.ncbi.nlm.nih.gov/compound/000003345
CID000003878,C9H7Cl2N5,256.09,https://pubchem.ncbi.nlm.nih.gov/compound/000003878
CID000005358,C14H21N3O2S,295.4,https://pubchem.ncbi.nlm.nih.gov/compound/000005358
CID000002656,C18H16N8O7S3-2,552.6,https://pubchem.ncbi.nlm.nih.gov/compound/000002656
CID000005391,C16H13ClN2O2,300.74,https://pubchem.ncbi.nlm.nih.gov/compound/000005391
CID000004946,C16H21NO2,259.34,https://pubchem.ncbi.nlm.nih.gov/compound/000004946
CID000060865,C21H23NO3,337.4,https://pubchem.ncbi.nlm.nih.gov/compound/000060865
CID000001302,C14H14O3,230.26,https://pubchem.ncbi.nlm.nih.gov/compound/000001302
CID000002678,C21H25ClN2O3,388.9,https://pubchem.ncbi.nlm.nih.gov/compound/000002678
CID000004634,C22H31NO3,357.5,https://pubchem.ncbi.nlm.nih.gov/compound/000004634
CID000125889,C8H17NO2,159.23,https://pubchem.ncbi.nlm.nih.gov/compound/000125889
CID000002771,C20H21FN2O,324.4,https://pubchem.ncbi.nlm.nih.gov/compound/000002771
CID000003640,C21H30O5,362.5,https://pubchem.ncbi.nlm.nih.gov/compound/000003640
CID000000444,C13H18ClNO,239.74,https://pubchem.ncbi.nlm.nih.gov/compound/000000444
CID000024011,SSe,111.04,https://pubchem.ncbi.nlm.nih.gov/compound/000024011
CID000002171,C16H19N3O5S,365.4,https://pubchem.ncbi.nlm.nih.gov/compound/000002171
CID000054808,C24H31ClO7,466.9,https://pubchem.ncbi.nlm.nih.gov/compound/000054808
CID000005040,C51H79NO13,914.2,https://pubchem.ncbi.nlm.nih.gov/compound/000005040
CID000005077,C14H22N2O2,250.34,https://pubchem.ncbi.nlm.nih.gov/compound/000005077
CID000002083,C13H21NO3,239.31,https://pubchem.ncbi.nlm.nih.gov/compound/000002083
CID000002375,C18H14F4N2O4S,430.4,https://pubchem.ncbi.nlm.nih.gov/compound/000002375
CID006398525,C11H60Al9O55S8,1571.9,https://pubchem.ncbi.nlm.nih.gov/compound/006398525
CID000002801,C19H23ClN2,314.9,https://pubchem.ncbi.nlm.nih.gov/compound/000002801
CID005311297,C29H28ClNOS,474.1,https://pubchem.ncbi.nlm.nih.gov/compound/005311297
CID000005645,C24H40O4,392.6,https://pubchem.ncbi.nlm.nih.gov/compound/000005645
CID000060831,C19H22NO4S2+,392.5,https://pubchem.ncbi.nlm.nih.gov/compound/000060831
CID000002609,C15H14ClN3O4S,367.8,https://pubchem.ncbi.nlm.nih.gov/compound/000002609
CID000124087,C19H19ClN2,310.8,https://pubchem.ncbi.nlm.nih.gov/compound/000124087
CID000003043,C10H12N4O3,236.23,https://pubchem.ncbi.nlm.nih.gov/compound/000003043
CID000148192,C38H52N6O7,704.9,https://pubchem.ncbi.nlm.nih.gov/compound/000148192
CID000001690,C27H30NO11+,544.5,https://pubchem.ncbi.nlm.nih.gov/compound/000001690
CID000004053,C13H18Cl2N2O2,305.2,https://pubchem.ncbi.nlm.nih.gov/compound/000004053
CID000003367,C10H12FN5O4,285.23,https://pubchem.ncbi.nlm.nih.gov/compound/000003367
CID000002550,C9H15NO3S,217.29,https://pubchem.ncbi.nlm.nih.gov/compound/000002550
CID000004259,C21H24FN3O4,401.4,https://pubchem.ncbi.nlm.nih.gov/compound/000004259
CID000003821,C13H16ClNO,237.72,https://pubchem.ncbi.nlm.nih.gov/compound/000003821
CID000003488,C23H28ClN3O5S,494.0,https://pubchem.ncbi.nlm.nih.gov/compound/000003488
CID000005372,C44H69NO12,804.0,https://pubchem.ncbi.nlm.nih.gov/compound/000005372
CID000003780,C6H8N2O8,236.14,https://pubchem.ncbi.nlm.nih.gov/compound/000003780
CID000027661,C6H9NO6,191.14,https://pubchem.ncbi.nlm.nih.gov/compound/000027661
CID000003032,C14H10Cl2NO2-,295.1,https://pubchem.ncbi.nlm.nih.gov/compound/000003032
CID000004943,C12H18O,178.27,https://pubchem.ncbi.nlm.nih.gov/compound/000004943
CID000163742,C31H53N3O49S8,1508.3,https://pubchem.ncbi.nlm.nih.gov/compound/000163742
CID000123620,C22H28Cl2O4,427.4,https://pubchem.ncbi.nlm.nih.gov/compound/000123620
CID000005002,C21H25N3O2S,383.5,https://pubchem.ncbi.nlm.nih.gov/compound/000005002
CID000004856,C15H13N3O4S,331.3,https://pubchem.ncbi.nlm.nih.gov/compound/000004856
CID000002249,C14H22N2O3,266.34,https://pubchem.ncbi.nlm.nih.gov/compound/000002249
CID000003419,C30H45NO7P-,562.7,https://pubchem.ncbi.nlm.nih.gov/compound/000003419
CID000002141,C5H15N2O3PS,214.23,https://pubchem.ncbi.nlm.nih.gov/compound/000002141
CID005311039,C52H88N10O14,1077.3,https://pubchem.ncbi.nlm.nih.gov/compound/005311039
CID000002812,C22H17ClN2,344.8,https://pubchem.ncbi.nlm.nih.gov/compound/000002812
CID000005152,C25H37NO4,415.6,https://pubchem.ncbi.nlm.nih.gov/compound/000005152
CID000004740,C13H18N4O3,278.31,https://pubchem.ncbi.nlm.nih.gov/compound/000004740
CID000002786,C18H33ClN2O5S,425.0,https://pubchem.ncbi.nlm.nih.gov/compound/000002786
CID000002092,C19H27N5O4,389.4,https://pubchem.ncbi.nlm.nih.gov/compound/000002092
CID000003890,C26H40O5,432.6,https://pubchem.ncbi.nlm.nih.gov/compound/000003890
CID000003003,C22H29FO5,392.5,https://pubchem.ncbi.nlm.nih.gov/compound/000003003
CID000003385,C4H3FN2O2,130.08,https://pubchem.ncbi.nlm.nih.gov/compound/000003385
CID000034312,C15H12N2O2,252.27,https://pubchem.ncbi.nlm.nih.gov/compound/000034312
CID000005203,C17H17Cl2N,306.2,https://pubchem.ncbi.nlm.nih.gov/compound/000005203
CID000002477,C21H31N5O2,385.5,https://pubchem.ncbi.nlm.nih.gov/compound/000002477
CID000032797,C22H28ClFO4,410.9,https://pubchem.ncbi.nlm.nih.gov/compound/000032797
CID000000143,C20H23N7O7,473.4,https://pubchem.ncbi.nlm.nih.gov/compound/000000143
CID000004595,C18H19N3O,293.4,https://pubchem.ncbi.nlm.nih.gov/compound/000004595
CID000003957,C22H23ClN2O2,382.9,https://pubchem.ncbi.nlm.nih.gov/compound/000003957
CID000004054,C12H21N,179.3,https://pubchem.ncbi.nlm.nih.gov/compound/000004054
CID000004543,C19H21N,263.4,https://pubchem.ncbi.nlm.nih.gov/compound/000004543
CID000004599,C29H53NO5,495.7,https://pubchem.ncbi.nlm.nih.gov/compound/000004599
CID000003042,C19H35NO2,309.5,https://pubchem.ncbi.nlm.nih.gov/compound/000003042
CID000003516,C10H14O4,198.22,https://pubchem.ncbi.nlm.nih.gov/compound/000003516
CID000003962,C24H36O5,404.5,https://pubchem.ncbi.nlm.nih.gov/compound/000003962
CID000060852,C9H23NO7P2,319.23,https://pubchem.ncbi.nlm.nih.gov/compound/000060852
CID000002250,C33H35FN2O5,558.6,https://pubchem.ncbi.nlm.nih.gov/compound/000002250
CID000002891,C63H89CoN14O14P,1356.4,https://pubchem.ncbi.nlm.nih.gov/compound/000002891
CID000010631,C22H32O3,344.5,https://pubchem.ncbi.nlm.nih.gov/compound/000010631
CID000003075,C22H27N2O4S+,415.5,https://pubchem.ncbi.nlm.nih.gov/compound/000003075
CID000005073,C23H27FN4O2,410.5,https://pubchem.ncbi.nlm.nih.gov/compound/000005073
CID000004594,C17H19N3O3S,345.4,https://pubchem.ncbi.nlm.nih.gov/compound/000004594
CID000060184,C19H32N2O5,368.5,https://pubchem.ncbi.nlm.nih.gov/compound/000060184
CID000197712,C22H22N2O4,378.4,https://pubchem.ncbi.nlm.nih.gov/compound/000197712
CID000005267,C24H32O4S,416.6,https://pubchem.ncbi.nlm.nih.gov/compound/000005267
CID000003222,C20H28N2O5,376.4,https://pubchem.ncbi.nlm.nih.gov/compound/000003222
CID000002576,C12H24N2O4,260.33,https://pubchem.ncbi.nlm.nih.gov/compound/000002576
CID000002462,C25H34O6,430.5,https://pubchem.ncbi.nlm.nih.gov/compound/000002462
CID000176168,C3H2La2O10,475.85,https://pubchem.ncbi.nlm.nih.gov/compound/000176168
CID000002658,C16H15N4O8S-,423.4,https://pubchem.ncbi.nlm.nih.gov/compound/000002658
CID000068740,C5H10N2O7P2,272.09,https://pubchem.ncbi.nlm.nih.gov/compound/000068740
CID000002955,C12H12N2O2S,248.3,https://pubchem.ncbi.nlm.nih.gov/compound/000002955
CID000003324,C14H19N5O4,321.33,https://pubchem.ncbi.nlm.nih.gov/compound/000003324
CID000004513,C12H21N5O2S2,331.5,https://pubchem.ncbi.nlm.nih.gov/compound/000004513
CID000003702,C16H16ClN3O3S,365.8,https://pubchem.ncbi.nlm.nih.gov/compound/000003702
CID000005672,C45H54N4O8,778.9,https://pubchem.ncbi.nlm.nih.gov/compound/000005672
CID000001983,C8H9NO2,151.16,https://pubchem.ncbi.nlm.nih.gov/compound/000001983
CID000002269,C38H72N2O12,749.0,https://pubchem.ncbi.nlm.nih.gov/compound/000002269
CID000002308,C22H29ClO5,408.9,https://pubchem.ncbi.nlm.nih.gov/compound/000002308
CID000004603,C16H28N2O4,312.4,https://pubchem.ncbi.nlm.nih.gov/compound/000004603
CID000000598,C2H6O3S2,142.2,https://pubchem.ncbi.nlm.nih.gov/compound/000000598
CID000060877,C8H10FN3O3S,247.25,https://pubchem.ncbi.nlm.nih.gov/compound/000060877
CID000000581,C5H9NO3S,163.2,https://pubchem.ncbi.nlm.nih.gov/compound/000000581
CID000087177,C12H22O11,342.3,https://pubchem.ncbi.nlm.nih.gov/compound/000087177
CID000003158,C19H21NO,279.4,https://pubchem.ncbi.nlm.nih.gov/compound/000003158
CID000004666,C47H51NO14,853.9,https://pubchem.ncbi.nlm.nih.gov/compound/000004666
CID000002713,C22H30Cl2N10,505.4,https://pubchem.ncbi.nlm.nih.gov/compound/000002713
CID000004601,C18H23NO,269.4,https://pubchem.ncbi.nlm.nih.gov/compound/000004601
CID000002267,C22H24ClN3O,381.9,https://pubchem.ncbi.nlm.nih.gov/compound/000002267
CID000003386,C17H18F3NO,309.33,https://pubchem.ncbi.nlm.nih.gov/compound/000003386
CID000002435,C11H10BrN5,292.13,https://pubchem.ncbi.nlm.nih.gov/compound/000002435
CID000004253,C17H19NO3,285.34,https://pubchem.ncbi.nlm.nih.gov/compound/000004253
CID000003476,C24H34N4O5S,490.6,https://pubchem.ncbi.nlm.nih.gov/compound/000003476
CID000130881,C29H30N6O6,558.6,https://pubchem.ncbi.nlm.nih.gov/compound/000130881
CID000003348,C32H39NO4,501.7,https://pubchem.ncbi.nlm.nih.gov/compound/000003348
CID000001775,C15H12N2O2,252.27,https://pubchem.ncbi.nlm.nih.gov/compound/000001775
CID000003410,C19H24N2O4,344.4,https://pubchem.ncbi.nlm.nih.gov/compound/000003410
CID000004159,C22H30O5,374.5,https://pubchem.ncbi.nlm.nih.gov/compound/000004159
CID000004819,C11H16N2O2,208.26,https://pubchem.ncbi.nlm.nih.gov/compound/000004819
CID000000271,Ca+2,40.08,https://pubchem.ncbi.nlm.nih.gov/compound/000000271
CID005353980,C18H14N4O5S,398.4,https://pubchem.ncbi.nlm.nih.gov/compound/005353980
CID000003255,C37H67NO13,733.9,https://pubchem.ncbi.nlm.nih.gov/compound/000003255
CID000002554,C15H12N2O,236.27,https://pubchem.ncbi.nlm.nih.gov/compound/000002554
CID000002617,C14H13N8O4S3-,453.5,https://pubchem.ncbi.nlm.nih.gov/compound/000002617
CID000054688,C38H69NO13,748.0,https://pubchem.ncbi.nlm.nih.gov/compound/000054688
CID000004614,C18H15NO3,293.3,https://pubchem.ncbi.nlm.nih.gov/compound/000004614
CID000005544,C21H27FO6,394.4,https://pubchem.ncbi.nlm.nih.gov/compound/000005544
CID000002907,C7H15Cl2N2O2P,261.08,https://pubchem.ncbi.nlm.nih.gov/compound/000002907
CID000003652,C18H26ClN3O,335.9,https://pubchem.ncbi.nlm.nih.gov/compound/000003652
CID000002153,C7H8N4O2,180.16,https://pubchem.ncbi.nlm.nih.gov/compound/000002153
CID000008953,CHNaO3,84.007,https://pubchem.ncbi.nlm.nih.gov/compound/000008953
CID000000937,C6H4NO2-,122.1,https://pubchem.ncbi.nlm.nih.gov/compound/000000937
CID000054454,C25H38O5,418.6,https://pubchem.ncbi.nlm.nih.gov/compound/000054454
CID000104741,C32H47F5O3S,606.8,https://pubchem.ncbi.nlm.nih.gov/compound/000104741
CID000005514,C12H21NO8S,339.36,https://pubchem.ncbi.nlm.nih.gov/compound/000005514
CID005282226,C26H35F3O6,500.5,https://pubchem.ncbi.nlm.nih.gov/compound/005282226
CID000003161,C22H24N2O8,444.4,https://pubchem.ncbi.nlm.nih.gov/compound/000003161
CID000004409,C15H16O2,228.29,https://pubchem.ncbi.nlm.nih.gov/compound/000004409
CID000077999,C18H19N3O3S,357.4,https://pubchem.ncbi.nlm.nih.gov/compound/000077999
CID000110634,C23H32N6O4S,488.6,https://pubchem.ncbi.nlm.nih.gov/compound/000110634
CID000054841,C17H21NO,255.35,https://pubchem.ncbi.nlm.nih.gov/compound/000054841
CID005329102,C22H27FN4O2,398.5,https://pubchem.ncbi.nlm.nih.gov/compound/005329102
CID000059708,C8H14N2O2,170.21,https://pubchem.ncbi.nlm.nih.gov/compound/000059708
CID000004200,C23H27N3O7,457.5,https://pubchem.ncbi.nlm.nih.gov/compound/000004200
CID000002187,C17H19N5,293.4,https://pubchem.ncbi.nlm.nih.gov/compound/000002187
CID000003749,C25H28N6O,428.5,https://pubchem.ncbi.nlm.nih.gov/compound/000003749
CID000001071,C20H30O,286.5,https://pubchem.ncbi.nlm.nih.gov/compound/000001071
CID000002265,C9H7N7O2S,277.27,https://pubchem.ncbi.nlm.nih.gov/compound/000002265
CID000003911,C59H84N16O12,1209.4,https://pubchem.ncbi.nlm.nih.gov/compound/000003911
CID000005212,C22H30N6O4S,474.6,https://pubchem.ncbi.nlm.nih.gov/compound/000005212
CID000000159,C20H32O5,352.5,https://pubchem.ncbi.nlm.nih.gov/compound/000000159
CID000152945,C27H30F6N2O2,528.5,https://pubchem.ncbi.nlm.nih.gov/compound/000152945
CID000004168,C14H22ClN3O2,299.79,https://pubchem.ncbi.nlm.nih.gov/compound/000004168
CID000002978,C21H30O2,314.5,https://pubchem.ncbi.nlm.nih.gov/compound/000002978
CID000005379,C19H22FN3O4,375.4,https://pubchem.ncbi.nlm.nih.gov/compound/000005379
CID000104865,C27H29N5O6S,551.6,https://pubchem.ncbi.nlm.nih.gov/compound/000104865
CID000002949,C22H27NO2,337.5,https://pubchem.ncbi.nlm.nih.gov/compound/000002949
CID000005472,C14H14ClNS,263.8,https://pubchem.ncbi.nlm.nih.gov/compound/000005472
CID000091270,C27H34N2O7,498.6,https://pubchem.ncbi.nlm.nih.gov/compound/000091270
CID000004691,C19H20FNO3,329.4,https://pubchem.ncbi.nlm.nih.gov/compound/000004691
CID000003121,C8H16O2,144.21,https://pubchem.ncbi.nlm.nih.gov/compound/000003121
CID000001134,C10H14N2O5,242.23,https://pubchem.ncbi.nlm.nih.gov/compound/000001134
CID000003877,C8H11N3O3S,229.26,https://pubchem.ncbi.nlm.nih.gov/compound/000003877
CID000000838,C9H13NO3,183.2,https://pubchem.ncbi.nlm.nih.gov/compound/000000838
CID000005596,C25H30NO3+,392.5,https://pubchem.ncbi.nlm.nih.gov/compound/000005596
CID000002471,C17H20N2O5S,364.4,https://pubchem.ncbi.nlm.nih.gov/compound/000002471
CID000003658,C21H27ClN2O2,374.9,https://pubchem.ncbi.nlm.nih.gov/compound/000003658
CID000002585,C24H26N2O4,406.5,https://pubchem.ncbi.nlm.nih.gov/compound/000002585
CID000003715,C19H16ClNO4,357.8,https://pubchem.ncbi.nlm.nih.gov/compound/000003715
CID000005401,C19H25N5O4,387.4,https://pubchem.ncbi.nlm.nih.gov/compound/000005401
CID000002764,C17H18FN3O3,331.34,https://pubchem.ncbi.nlm.nih.gov/compound/000002764
CID000005538,C20H28O2,300.4,https://pubchem.ncbi.nlm.nih.gov/compound/000005538
CID000004158,C14H19NO2,233.31,https://pubchem.ncbi.nlm.nih.gov/compound/000004158
CID000004212,C22H28N4O6,444.5,https://pubchem.ncbi.nlm.nih.gov/compound/000004212
CID000123631,C22H24ClFN4O3,446.9,https://pubchem.ncbi.nlm.nih.gov/compound/000123631
CID000216326,C13H13N3O3,259.26,https://pubchem.ncbi.nlm.nih.gov/compound/000216326
CID000004485,C17H18N2O6,346.3,https://pubchem.ncbi.nlm.nih.gov/compound/000004485
CID000016231,C6H8ClN7O,229.63,https://pubchem.ncbi.nlm.nih.gov/compound/000016231
CID000001046,C5H5N3O,123.11,https://pubchem.ncbi.nlm.nih.gov/compound/000001046
CID000003869,C19H24N2O3,328.4,https://pubchem.ncbi.nlm.nih.gov/compound/000003869
CID000003696,C19H24N2,280.4,https://pubchem.ncbi.nlm.nih.gov/compound/000003696
CID000002162,C20H25ClN2O5,408.9,https://pubchem.ncbi.nlm.nih.gov/compound/000002162
CID000003746,C20H30NO3+,332.5,https://pubchem.ncbi.nlm.nih.gov/compound/000003746
CID000056959,C24H33N3O4,427.5,https://pubchem.ncbi.nlm.nih.gov/compound/000056959
CID000003157,C23H25N5O5,451.5,https://pubchem.ncbi.nlm.nih.gov/compound/000003157
CID000001972,C47H73NO17,924.1,https://pubchem.ncbi.nlm.nih.gov/compound/000001972
CID000004911,C13H19NO4S,285.36,https://pubchem.ncbi.nlm.nih.gov/compound/000004911
CID000004509,C8H6N4O5,238.16,https://pubchem.ncbi.nlm.nih.gov/compound/000004509
CID000002284,C10H12ClNO2,213.66,https://pubchem.ncbi.nlm.nih.gov/compound/000002284
CID000003449,C17H21NO3,287.35,https://pubchem.ncbi.nlm.nih.gov/compound/000003449
CID000093860,C19H25BN4O4,384.2,https://pubchem.ncbi.nlm.nih.gov/compound/000093860
CID000003826,C15H13NO3,255.27,https://pubchem.ncbi.nlm.nih.gov/compound/000003826
CID000004178,C11H17NO,179.26,https://pubchem.ncbi.nlm.nih.gov/compound/000004178
CID000004107,C11H15NO5,241.24,https://pubchem.ncbi.nlm.nih.gov/compound/000004107
CID000004506,C15H11N3O3,281.27,https://pubchem.ncbi.nlm.nih.gov/compound/000004506
CID000119182,C10H11ClFN5O3,303.68,https://pubchem.ncbi.nlm.nih.gov/compound/000119182
CID000005978,C46H56N4O10,825.0,https://pubchem.ncbi.nlm.nih.gov/compound/000005978
CID000003461,C9H11F2N3O4,263.2,https://pubchem.ncbi.nlm.nih.gov/compound/000003461
CID000002156,C25H30I2NO3+,646.3,https://pubchem.ncbi.nlm.nih.gov/compound/000002156
CID000005651,C66H75Cl2N9O24,1449.2,https://pubchem.ncbi.nlm.nih.gov/compound/000005651
CID003002190,C43H65N5O10,812.0,https://pubchem.ncbi.nlm.nih.gov/compound/003002190
CID005311048,CH4Cl2N2,114.96,https://pubchem.ncbi.nlm.nih.gov/compound/005311048
CID000003741,C18H24I3N3O9,807.1,https://pubchem.ncbi.nlm.nih.gov/compound/000003741
CID000005408,C19H28O2,288.4,https://pubchem.ncbi.nlm.nih.gov/compound/000005408
CID000003168,C22H22FN3O2,379.4,https://pubchem.ncbi.nlm.nih.gov/compound/000003168
CID005493381,C21H15N3O4,373.4,https://pubchem.ncbi.nlm.nih.gov/compound/005493381
CID000002646,C18H19N3O5S,389.4,https://pubchem.ncbi.nlm.nih.gov/compound/000002646
CID000003310,C29H32O13,588.6,https://pubchem.ncbi.nlm.nih.gov/compound/000003310
CID000071158,C5H11NO4S,181.21,https://pubchem.ncbi.nlm.nih.gov/compound/000071158
CID000004449,C25H32ClN5O2,470.0,https://pubchem.ncbi.nlm.nih.gov/compound/000004449
CID000001117,O4S-2,96.07,https://pubchem.ncbi.nlm.nih.gov/compound/000001117
CID000004894,C21H28O5,360.4,https://pubchem.ncbi.nlm.nih.gov/compound/000004894
CID000071329,C19H27N3O5S2,441.6,https://pubchem.ncbi.nlm.nih.gov/compound/000071329
CID000002631,C16H16N5O7S2-,454.5,https://pubchem.ncbi.nlm.nih.gov/compound/000002631
CID000003902,C17H11N5,285.3,https://pubchem.ncbi.nlm.nih.gov/compound/000003902
CID000005496,C18H37N5O9,467.5,https://pubchem.ncbi.nlm.nih.gov/compound/000005496
CID000005005,C25H30N2O5,438.5,https://pubchem.ncbi.nlm.nih.gov/compound/000005005
CID000003763,C3H2ClF5O,184.49,https://pubchem.ncbi.nlm.nih.gov/compound/000003763
CID000002973,C25H48N6O8,560.7,https://pubchem.ncbi.nlm.nih.gov/compound/000002973
CID000005376,C26H29NO,371.5,https://pubchem.ncbi.nlm.nih.gov/compound/000005376
CID000003198,C18H15Cl3N2O,381.7,https://pubchem.ncbi.nlm.nih.gov/compound/000003198
CID005487301,C16H23N5O,301.39,https://pubchem.ncbi.nlm.nih.gov/compound/005487301
CID000005478,C13H24N4O3S,316.42,https://pubchem.ncbi.nlm.nih.gov/compound/000005478
CID000002650,C22H22N6O7S2,546.6,https://pubchem.ncbi.nlm.nih.gov/compound/000002650
CID000004607,C19H18N3O5S-,400.4,https://pubchem.ncbi.nlm.nih.gov/compound/000004607
CID000004812,C31H46O2,450.7,https://pubchem.ncbi.nlm.nih.gov/compound/000004812
CID000004828,C14H20N2O2,248.32,https://pubchem.ncbi.nlm.nih.gov/compound/000004828
CID000003793,C35H38Cl2N8O4,705.6,https://pubchem.ncbi.nlm.nih.gov/compound/000003793
CID000060953,C15H22FN3O6,359.35,https://pubchem.ncbi.nlm.nih.gov/compound/000060953
CID000003397,C11H11F3N2O3,276.21,https://pubchem.ncbi.nlm.nih.gov/compound/000003397
CID000154059,C23H26N2O2,362.5,https://pubchem.ncbi.nlm.nih.gov/compound/000154059
CID000004463,C15H14N4O,266.3,https://pubchem.ncbi.nlm.nih.gov/compound/000004463
CID000004205,C17H19N3,265.35,https://pubchem.ncbi.nlm.nih.gov/compound/000004205
CID000072938,C18H20FN5O4,389.4,https://pubchem.ncbi.nlm.nih.gov/compound/000072938
CID000060198,C20H24O2,296.4,https://pubchem.ncbi.nlm.nih.gov/compound/000060198
CID000002756,C10H16N6S,252.34,https://pubchem.ncbi.nlm.nih.gov/compound/000002756
CID000002160,C20H23N,277.4,https://pubchem.ncbi.nlm.nih.gov/compound/000002160
CID000004052,C14H13N3O4S2,351.4,https://pubchem.ncbi.nlm.nih.gov/compound/000004052
CID000004674,C3H11NO7P2,235.07,https://pubchem.ncbi.nlm.nih.gov/compound/000004674
CID000003675,C8H12N2,136.19,https://pubchem.ncbi.nlm.nih.gov/compound/000003675
CID003085017,C6H12ClNO,149.62,https://pubchem.ncbi.nlm.nih.gov/compound/003085017
CID000001978,C18H28N2O4,336.4,https://pubchem.ncbi.nlm.nih.gov/compound/000001978
CID005481350,C19H30N5O10P,519.4,https://pubchem.ncbi.nlm.nih.gov/compound/005481350
CID005281104,C27H44O3,416.6,https://pubchem.ncbi.nlm.nih.gov/compound/005281104
CID005311181,C22H32O4,360.5,https://pubchem.ncbi.nlm.nih.gov/compound/005311181
CID000005184,C17H21NO4,303.35,https://pubchem.ncbi.nlm.nih.gov/compound/000005184
CID000150311,C24H21F2NO3,409.4,https://pubchem.ncbi.nlm.nih.gov/compound/000150311
CID000003559,C21H23ClFNO2,375.9,https://pubchem.ncbi.nlm.nih.gov/compound/000003559
CID005311027,C25H37NO4,415.6,https://pubchem.ncbi.nlm.nih.gov/compound/005311027
CID000443871,C19H27NO3,317.4,https://pubchem.ncbi.nlm.nih.gov/compound/000443871
CID000000191,C10H13N5O4,267.24,https://pubchem.ncbi.nlm.nih.gov/compound/000000191
CID000005726,C10H13N5O4,267.24,https://pubchem.ncbi.nlm.nih.gov/compound/000005726
CID000060754,C16H28GdN5O9,591.7,https://pubchem.ncbi.nlm.nih.gov/compound/000060754
CID000064147,C14H22N6O5,354.36,https://pubchem.ncbi.nlm.nih.gov/compound/000064147
CID000216239,C21H16ClF3N4O3,464.8,https://pubchem.ncbi.nlm.nih.gov/compound/000216239
CID000005412,C22H24N2O8,444.4,https://pubchem.ncbi.nlm.nih.gov/compound/000005412
CID000074989,C22H19ClO3,366.8,https://pubchem.ncbi.nlm.nih.gov/compound/000074989
CID000004917,C20H24ClN3S,373.9,https://pubchem.ncbi.nlm.nih.gov/compound/000004917
CID000024486,CaCl2H12O6,219.07,https://pubchem.ncbi.nlm.nih.gov/compound/000024486
CID000002541,C24H20N6O3,440.5,https://pubchem.ncbi.nlm.nih.gov/compound/000002541
CID000148211,C19H24N2O,296.4,https://pubchem.ncbi.nlm.nih.gov/compound/000148211
CID000003648,C17H19NO3,285.34,https://pubchem.ncbi.nlm.nih.gov/compound/000003648
CID000003825,C16H14O3,254.28,https://pubchem.ncbi.nlm.nih.gov/compound/000003825
CID000002487,C21H29NO2,327.5,https://pubchem.ncbi.nlm.nih.gov/compound/000002487
CID000003393,C21H23ClFN3O,387.9,https://pubchem.ncbi.nlm.nih.gov/compound/000003393
CID000003143,C43H53NO14,807.9,https://pubchem.ncbi.nlm.nih.gov/compound/000003143
CID000003750,C33H38N4O6,586.7,https://pubchem.ncbi.nlm.nih.gov/compound/000003750
CID000005466,C20H25NO2S2,375.6,https://pubchem.ncbi.nlm.nih.gov/compound/000005466
CID000004909,C12H14N2O2,218.25,https://pubchem.ncbi.nlm.nih.gov/compound/000004909
CID000005245,C7H11NO7P2,283.11,https://pubchem.ncbi.nlm.nih.gov/compound/000005245
CID000003454,C9H13N5O4,255.23,https://pubchem.ncbi.nlm.nih.gov/compound/000003454
CID000001986,C4H6N4O3S2,222.3,https://pubchem.ncbi.nlm.nih.gov/compound/000001986
CID000005234,ClNa,58.44,https://pubchem.ncbi.nlm.nih.gov/compound/000005234
CID000151165,C23H21F7N4O3,534.4,https://pubchem.ncbi.nlm.nih.gov/compound/000151165
CID000002405,C18H31NO4,325.4,https://pubchem.ncbi.nlm.nih.gov/compound/000002405
CID000003350,C23H36N2O2,372.5,https://pubchem.ncbi.nlm.nih.gov/compound/000003350
CID000056339,C16H15N2O6P,362.27,https://pubchem.ncbi.nlm.nih.gov/compound/000056339
CID000003657,CH4N2O2,76.055,https://pubchem.ncbi.nlm.nih.gov/compound/000003657
CID000000861,C15H12I3NO4,650.97,https://pubchem.ncbi.nlm.nih.gov/compound/000000861
CID000150310,C24H30O6,414.5,https://pubchem.ncbi.nlm.nih.gov/compound/000150310
CID000004236,C15H15NO2S,273.4,https://pubchem.ncbi.nlm.nih.gov/compound/000004236
CID000002522,C27H40O3,412.6,https://pubchem.ncbi.nlm.nih.gov/compound/000002522
CID000001971,C14H18N6O,286.33,https://pubchem.ncbi.nlm.nih.gov/compound/000001971
CID000002099,C17H18N4O,294.35,https://pubchem.ncbi.nlm.nih.gov/compound/000002099
CID000036339,C14H16N2O2,244.29,https://pubchem.ncbi.nlm.nih.gov/compound/000036339
CID000004138,C10H13NO4,211.21,https://pubchem.ncbi.nlm.nih.gov/compound/000004138
CID006447131,C43H68ClNO11,810.4,https://pubchem.ncbi.nlm.nih.gov/compound/006447131
CID000170361,C13H13N3,211.26,https://pubchem.ncbi.nlm.nih.gov/compound/000170361
CID000004075,C7H7NO3,153.14,https://pubchem.ncbi.nlm.nih.gov/compound/000004075
CID000005394,C6H6N6O2,194.15,https://pubchem.ncbi.nlm.nih.gov/compound/000005394
CID000005735,C17H17ClN6O3,388.8,https://pubchem.ncbi.nlm.nih.gov/compound/000005735
CID000000453,C6H14O6,182.17,https://pubchem.ncbi.nlm.nih.gov/compound/000000453
CID000003767,C6H7N3O,137.14,https://pubchem.ncbi.nlm.nih.gov/compound/000003767
CID000003333,C18H19Cl2NO4,384.2,https://pubchem.ncbi.nlm.nih.gov/compound/000003333
CID000005076,C37H48N6O5S2,720.9,https://pubchem.ncbi.nlm.nih.gov/compound/000005076
CID000002800,C26H28ClNO,406.0,https://pubchem.ncbi.nlm.nih.gov/compound/000002800
CID000003261,C16H11ClN4,294.74,https://pubchem.ncbi.nlm.nih.gov/compound/000003261
CID000005155,C10H12N2O4,224.21,https://pubchem.ncbi.nlm.nih.gov/compound/000005155
CID005493444,C30H53N3O6,551.8,https://pubchem.ncbi.nlm.nih.gov/compound/005493444
CID000003414,CO5P-3,122.98,https://pubchem.ncbi.nlm.nih.gov/compound/000003414
CID000004192,C18H13ClFN3,325.8,https://pubchem.ncbi.nlm.nih.gov/compound/000004192
CID000004771,C10H15N,149.23,https://pubchem.ncbi.nlm.nih.gov/compound/000004771
CID000005572,C20H31NO,301.5,https://pubchem.ncbi.nlm.nih.gov/compound/000005572
CID000003249,C28H44O,396.6,https://pubchem.ncbi.nlm.nih.gov/compound/000003249
CID000004189,C18H14Cl4N2O,416.1,https://pubchem.ncbi.nlm.nih.gov/compound/000004189
CID000002818,C18H19ClN4,326.8,https://pubchem.ncbi.nlm.nih.gov/compound/000002818
CID000047320,C65H82N2O18S2,1243.5,https://pubchem.ncbi.nlm.nih.gov/compound/000047320
CID000005515,C23H23N3O5,421.4,https://pubchem.ncbi.nlm.nih.gov/compound/000005515
CID000003510,C18H24N4O,312.4,https://pubchem.ncbi.nlm.nih.gov/compound/000003510
CID001349907,C4H6N2S,114.17,https://pubchem.ncbi.nlm.nih.gov/compound/001349907
CID000038904,C6H14N2O4Pt,373.27,https://pubchem.ncbi.nlm.nih.gov/compound/000038904
CID000072054,C28H30N2O2,426.5,https://pubchem.ncbi.nlm.nih.gov/compound/000072054
CID000005215,C10H10N4O2S,250.28,https://pubchem.ncbi.nlm.nih.gov/compound/000005215
CID000077993,C22H26N2O2S,382.5,https://pubchem.ncbi.nlm.nih.gov/compound/000077993
CID000000596,C9H13N3O5,243.22,https://pubchem.ncbi.nlm.nih.gov/compound/000000596
CID000003279,C10H24N2O2,204.31,https://pubchem.ncbi.nlm.nih.gov/compound/000003279
CID000002726,C17H19ClN2S,318.9,https://pubchem.ncbi.nlm.nih.gov/compound/000002726
CID000160051,C31H67Cl3N4O,618.2,https://pubchem.ncbi.nlm.nih.gov/compound/000160051
CID000003478,C21H27N5O4S,445.5,https://pubchem.ncbi.nlm.nih.gov/compound/000003478
CID000002173,C16H18N3O4S-,348.4,https://pubchem.ncbi.nlm.nih.gov/compound/000002173
CID000003661,C17H23NO3,289.4,https://pubchem.ncbi.nlm.nih.gov/compound/000003661
CID000005578,C14H18N4O3,290.32,https://pubchem.ncbi.nlm.nih.gov/compound/000005578
CID000508230,C12H12O6,252.22,https://pubchem.ncbi.nlm.nih.gov/compound/000508230
CID000005454,C23H29N3O2S2,443.6,https://pubchem.ncbi.nlm.nih.gov/compound/000005454
CID000005717,C31H33N3O6S,575.7,https://pubchem.ncbi.nlm.nih.gov/compound/000005717
CID000000085,C7H16NO3+,162.21,https://pubchem.ncbi.nlm.nih.gov/compound/000000085
CID000000206,C6H12O6,180.16,https://pubchem.ncbi.nlm.nih.gov/compound/000000206
CID000000119,C4H9NO2,103.12,https://pubchem.ncbi.nlm.nih.gov/compound/000000119
CID000003928,C18H34N2O6S,406.5,https://pubchem.ncbi.nlm.nih.gov/compound/000003928
CID000003467,C21H43N5O7,477.6,https://pubchem.ncbi.nlm.nih.gov/compound/000003467
CID000004547,C27H36N2O4,452.6,https://pubchem.ncbi.nlm.nih.gov/compound/000004547
CID005362420,C41H42N4O8,718.8,https://pubchem.ncbi.nlm.nih.gov/compound/005362420
CID000004499,C20H24N2O6,388.4,https://pubchem.ncbi.nlm.nih.gov/compound/000004499
CID003062316,C22H26ClN7O2S,488.0,https://pubchem.ncbi.nlm.nih.gov/compound/003062316
CID000004920,C21H30O2,314.5,https://pubchem.ncbi.nlm.nih.gov/compound/000004920
CID000005253,C12H20N2O3S,272.37,https://pubchem.ncbi.nlm.nih.gov/compound/000005253
CID000060795,C23H27Cl2N3O2,448.4,https://pubchem.ncbi.nlm.nih.gov/compound/000060795
CID000004473,C26H30N3O6+,480.5,https://pubchem.ncbi.nlm.nih.gov/compound/000004473
CID005381226,C43H58N4O12,822.9,https://pubchem.ncbi.nlm.nih.gov/compound/005381226
CID000054374,C49H66N10O10S2,1019.2,https://pubchem.ncbi.nlm.nih.gov/compound/000054374
CID000002130,C10H17N,151.25,https://pubchem.ncbi.nlm.nih.gov/compound/000002130
CID000060612,C13H16N2,200.28,https://pubchem.ncbi.nlm.nih.gov/compound/000060612
CID000002720,C7H6ClN3O4S2,295.7,https://pubchem.ncbi.nlm.nih.gov/compound/000002720
CID003081884,C25H45N5O13,623.7,https://pubchem.ncbi.nlm.nih.gov/compound/003081884
CID000002142,C22H43N5O13,585.6,https://pubchem.ncbi.nlm.nih.gov/compound/000002142
CID000003152,C24H29NO3,379.5,https://pubchem.ncbi.nlm.nih.gov/compound/000003152
CID000002732,C14H11ClN2O4S,338.8,https://pubchem.ncbi.nlm.nih.gov/compound/000002732
CID000147912,C37H42F2N8O4,700.8,https://pubchem.ncbi.nlm.nih.gov/compound/000147912
CID000047725,C59H84N18O14,1269.4,https://pubchem.ncbi.nlm.nih.gov/compound/000047725
CID000002474,C18H28N2O,288.4,https://pubchem.ncbi.nlm.nih.gov/compound/000002474
CID000005078,C15H19N5,269.34,https://pubchem.ncbi.nlm.nih.gov/compound/000005078
CID000027686,C23H16O11,468.4,https://pubchem.ncbi.nlm.nih.gov/compound/000027686
CID000004034,C25H27ClN2,390.9,https://pubchem.ncbi.nlm.nih.gov/compound/000004034
CID000004044,C15H15NO2,241.28,https://pubchem.ncbi.nlm.nih.gov/compound/000004044
CID000003203,C14H9ClF3NO2,315.67,https://pubchem.ncbi.nlm.nih.gov/compound/000003203
CID000004999,C17H11ClF4N2S,386.8,https://pubchem.ncbi.nlm.nih.gov/compound/000004999
CID000002478,C6H14O6S2,246.3,https://pubchem.ncbi.nlm.nih.gov/compound/000002478
CID000004095,C21H27NO,309.4,https://pubchem.ncbi.nlm.nih.gov/compound/000004095
CID000003114,C21H29N3O,339.5,https://pubchem.ncbi.nlm.nih.gov/compound/000003114
CID000213039,C27H37N3O7S,547.7,https://pubchem.ncbi.nlm.nih.gov/compound/000213039
CID000060696,C32H53N2O4+,529.8,https://pubchem.ncbi.nlm.nih.gov/compound/000060696
CID000002727,C10H13ClN2O3S,276.74,https://pubchem.ncbi.nlm.nih.gov/compound/000002727
CID000004539,C16H18FN3O3,319.33,https://pubchem.ncbi.nlm.nih.gov/compound/000004539
CID000003007,C9H13N,135.21,https://pubchem.ncbi.nlm.nih.gov/compound/000003007
CID006398970,C14H13N5O5S2,395.4,https://pubchem.ncbi.nlm.nih.gov/compound/006398970
CID000110635,C22H19N3O4,389.4,https://pubchem.ncbi.nlm.nih.gov/compound/000110635
CID000003690,C7H15Cl2N2O2P,261.08,https://pubchem.ncbi.nlm.nih.gov/compound/000003690
CID000176870,C22H23N3O4,393.4,https://pubchem.ncbi.nlm.nih.gov/compound/000176870
CID000005771,C43H66N12O12S2,1007.2,https://pubchem.ncbi.nlm.nih.gov/compound/000005771
CID004183806,C22H38O5,382.5,https://pubchem.ncbi.nlm.nih.gov/compound/004183806
CID000003706,C36H47N5O4,613.8,https://pubchem.ncbi.nlm.nih.gov/compound/000003706
CID000060843,C20H21N5O6,427.4,https://pubchem.ncbi.nlm.nih.gov/compound/000060843
CID000004991,C9H13N2O2+,181.21,https://pubchem.ncbi.nlm.nih.gov/compound/000004991
CID000004542,C21H28O2,312.4,https://pubchem.ncbi.nlm.nih.gov/compound/000004542
CID000115237,C23H27FN4O3,426.5,https://pubchem.ncbi.nlm.nih.gov/compound/000115237
CID000000564,C6H13NO2,131.17,https://pubchem.ncbi.nlm.nih.gov/compound/000000564
CID000003148,C19H20N2O3,324.4,https://pubchem.ncbi.nlm.nih.gov/compound/000003148
CID000002676,C26H34FNO5,459.5,https://pubchem.ncbi.nlm.nih.gov/compound/000002676
CID000005734,C8H8N2O3S,212.23,https://pubchem.ncbi.nlm.nih.gov/compound/000005734
CID000002274,C13H17N5O8S2,435.4,https://pubchem.ncbi.nlm.nih.gov/compound/000002274
CID000004834,C23H26N5O7S-,516.5,https://pubchem.ncbi.nlm.nih.gov/compound/000004834
CID000002712,C16H14ClN3O,299.75,https://pubchem.ncbi.nlm.nih.gov/compound/000002712
CID000054547,C15H17N5O6S2,427.5,https://pubchem.ncbi.nlm.nih.gov/compound/000054547
CID000041774,C25H43NO18,645.6,https://pubchem.ncbi.nlm.nih.gov/compound/000041774
CID000005721,C12H20N4O7,332.31,https://pubchem.ncbi.nlm.nih.gov/compound/000005721
CID000003914,C17H25NO3,291.4,https://pubchem.ncbi.nlm.nih.gov/compound/000003914
CID000002512,C26H37N5O2,451.6,https://pubchem.ncbi.nlm.nih.gov/compound/000002512
CID000005593,C17H20N2O2,284.35,https://pubchem.ncbi.nlm.nih.gov/compound/000005593
CID000004064,C9H18N2O4,218.25,https://pubchem.ncbi.nlm.nih.gov/compound/000004064
CID000125017,C16H25NO2,263.37,https://pubchem.ncbi.nlm.nih.gov/compound/000125017
CID000004536,C20H26O2,298.4,https://pubchem.ncbi.nlm.nih.gov/compound/000004536
CID000504578,C24H47N5O12,597.7,https://pubchem.ncbi.nlm.nih.gov/compound/000504578
CID000039765,C34H57N2O4+,557.8,https://pubchem.ncbi.nlm.nih.gov/compound/000039765
CID000005731,C16H21N3O2,287.36,https://pubchem.ncbi.nlm.nih.gov/compound/000005731
CID000012536,C24H32O6,416.5,https://pubchem.ncbi.nlm.nih.gov/compound/000012536
CID000071273,C17H26N2O,274.4,https://pubchem.ncbi.nlm.nih.gov/compound/000071273
CID000002578,C5H9Cl2N3O2,214.05,https://pubchem.ncbi.nlm.nih.gov/compound/000002578
CID000005206,C4H3F7O,200.05,https://pubchem.ncbi.nlm.nih.gov/compound/000005206
CID000131536,C25H36N3O9PS,585.6,https://pubchem.ncbi.nlm.nih.gov/compound/000131536
CID000003964,C18H18ClN3O,327.8,https://pubchem.ncbi.nlm.nih.gov/compound/000003964
CID000041317,C21H26O3,326.4,https://pubchem.ncbi.nlm.nih.gov/compound/000041317
CID000005297,C21H39N7O12,581.6,https://pubchem.ncbi.nlm.nih.gov/compound/000005297
CID000004451,C32H45N3O4S,567.8,https://pubchem.ncbi.nlm.nih.gov/compound/000004451
CID000060815,C20H28N2O5,376.4,https://pubchem.ncbi.nlm.nih.gov/compound/000060815
CID000005746,C15H18N4O5,334.33,https://pubchem.ncbi.nlm.nih.gov/compound/000005746
CID000002733,C7H4ClNO2,169.56,https://pubchem.ncbi.nlm.nih.gov/compound/000002733
CID000005210,C17H26ClN,279.8,https://pubchem.ncbi.nlm.nih.gov/compound/000005210
CID000005453,C6H12N3PS,189.22,https://pubchem.ncbi.nlm.nih.gov/compound/000005453
CID000000214,C20H34O5,354.5,https://pubchem.ncbi.nlm.nih.gov/compound/000000214
CID000009433,C16H24N10O4,420.43,https://pubchem.ncbi.nlm.nih.gov/compound/000009433
CID000004845,C12H20N2O3,240.3,https://pubchem.ncbi.nlm.nih.gov/compound/000004845
CID005311082,C35H46N10O9S2,814.9,https://pubchem.ncbi.nlm.nih.gov/compound/005311082
CID000002951,C14H9N4O5-,313.24,https://pubchem.ncbi.nlm.nih.gov/compound/000002951
CID000003736,C18H24I3N3O8,791.1,https://pubchem.ncbi.nlm.nih.gov/compound/000003736
CID005473385,C5H5N5S,167.19,https://pubchem.ncbi.nlm.nih.gov/compound/005473385
CID000004440,C17H25N3O2S,335.5,https://pubchem.ncbi.nlm.nih.gov/compound/000004440
CID000041693,C22H30N2O2S,386.6,https://pubchem.ncbi.nlm.nih.gov/compound/000041693
CID000082146,C24H28O2,348.5,https://pubchem.ncbi.nlm.nih.gov/compound/000082146
CID000004201,C9H15N5O,209.25,https://pubchem.ncbi.nlm.nih.gov/compound/000004201
CID000065027,C31H33F3N2O5S,602.7,https://pubchem.ncbi.nlm.nih.gov/compound/000065027
CID000003494,C19H28NO3+,318.4,https://pubchem.ncbi.nlm.nih.gov/compound/000003494
CID000003108,C24H40N8O4,504.6,https://pubchem.ncbi.nlm.nih.gov/compound/000003108
CID000013342,C46H58N4O9,811.0,https://pubchem.ncbi.nlm.nih.gov/compound/000013342
CID000068844,C12H21N3O5S3,383.5,https://pubchem.ncbi.nlm.nih.gov/compound/000068844
CID000060164,C28H28O3,412.5,https://pubchem.ncbi.nlm.nih.gov/compound/000060164
CID000004195,C12H18N2O4,254.28,https://pubchem.ncbi.nlm.nih.gov/compound/000004195
CID000002995,C18H22N2,266.4,https://pubchem.ncbi.nlm.nih.gov/compound/000002995
CID000003355,C17H21F6N2O3+,415.35,https://pubchem.ncbi.nlm.nih.gov/compound/000003355
CID000027991,C46H64N14O12S2,1069.2,https://pubchem.ncbi.nlm.nih.gov/compound/000027991
CID004659569,C14H11NO5,273.24,https://pubchem.ncbi.nlm.nih.gov/compound/004659569
CID000004425,C19H21NO4,327.4,https://pubchem.ncbi.nlm.nih.gov/compound/000004425
CID000003117,C10H20N2S4,296.5,https://pubchem.ncbi.nlm.nih.gov/compound/000003117
CID000005195,C13H17N,187.28,https://pubchem.ncbi.nlm.nih.gov/compound/000005195
CID000012620,C22H46O,326.6,https://pubchem.ncbi.nlm.nih.gov/compound/000012620
CID000156419,C22H22F3N,357.4,https://pubchem.ncbi.nlm.nih.gov/compound/000156419
CID000040976,C22H28O2,324.5,https://pubchem.ncbi.nlm.nih.gov/compound/000040976
CID000003059,C13H8F2O3,250.2,https://pubchem.ncbi.nlm.nih.gov/compound/000003059
CID000003827,C19H19NOS,309.4,https://pubchem.ncbi.nlm.nih.gov/compound/000003827
CID000004675,C35H60N2O4+2,572.9,https://pubchem.ncbi.nlm.nih.gov/compound/000004675
CID000000298,C11H12Cl2N2O5,323.13,https://pubchem.ncbi.nlm.nih.gov/compound/000000298
CID000003305,C2H8O7P2,206.03,https://pubchem.ncbi.nlm.nih.gov/compound/000003305
CID000002215,C17H17NO2,267.32,https://pubchem.ncbi.nlm.nih.gov/compound/000002215
CID006436173,C43H51N3O11,785.9,https://pubchem.ncbi.nlm.nih.gov/compound/006436173
CID000051634,C10H21NO4,219.28,https://pubchem.ncbi.nlm.nih.gov/compound/000051634
CID000004739,C11H16N4O4,268.27,https://pubchem.ncbi.nlm.nih.gov/compound/000004739
CID000002610,C16H17N3O5S,363.4,https://pubchem.ncbi.nlm.nih.gov/compound/000002610
CID000004727,C5H11NO2S,149.21,https://pubchem.ncbi.nlm.nih.gov/compound/000004727
CID000003637,C8H8N4,160.18,https://pubchem.ncbi.nlm.nih.gov/compound/000003637
CID000004745,C19H26N2S,314.5,https://pubchem.ncbi.nlm.nih.gov/compound/000004745
CID004659568,C14H15N3O5,305.29,https://pubchem.ncbi.nlm.nih.gov/compound/004659568
CID000657298,C7H10N2OS,170.23,https://pubchem.ncbi.nlm.nih.gov/compound/000657298
CID000005878,C19H30O3,306.4,https://pubchem.ncbi.nlm.nih.gov/compound/000005878
CID000003404,C15H21F3N2O2,318.33,https://pubchem.ncbi.nlm.nih.gov/compound/000003404
CID000060871,C20H32N5O8P,501.5,https://pubchem.ncbi.nlm.nih.gov/compound/000060871
CID000004264,C26H44O9,500.6,https://pubchem.ncbi.nlm.nih.gov/compound/000004264
CID000003734,C17H22I3N3O8,777.1,https://pubchem.ncbi.nlm.nih.gov/compound/000003734
CID000005584,C20H26N2,294.4,https://pubchem.ncbi.nlm.nih.gov/compound/000005584
CID000002369,C18H29NO3,307.4,https://pubchem.ncbi.nlm.nih.gov/compound/000002369
CID000005525,C24H34N2O5,430.5,https://pubchem.ncbi.nlm.nih.gov/compound/000005525
CID000054786,C23H34O5,390.5,https://pubchem.ncbi.nlm.nih.gov/compound/000054786
CID000004736,C19H27NO,285.4,https://pubchem.ncbi.nlm.nih.gov/compound/000004736
CID000122316,C12H13N,171.24,https://pubchem.ncbi.nlm.nih.gov/compound/000122316
CID000003008,C18H25NO,271.4,https://pubchem.ncbi.nlm.nih.gov/compound/000003008
CID000048175,C25H31ClF2O5,485.0,https://pubchem.ncbi.nlm.nih.gov/compound/000048175
CID000004893,C19H21N5O4,383.4,https://pubchem.ncbi.nlm.nih.gov/compound/000004893
CID006918453,C20H34AuO9PS,678.5,https://pubchem.ncbi.nlm.nih.gov/compound/006918453
CID000003066,C33H37N5O5,583.7,https://pubchem.ncbi.nlm.nih.gov/compound/000003066
CID000002637,C16H16N3O7S2-,426.4,https://pubchem.ncbi.nlm.nih.gov/compound/000002637
CID000042113,C3H2F6O,168.04,https://pubchem.ncbi.nlm.nih.gov/compound/000042113
CID000057537,C19H25NOS,315.5,https://pubchem.ncbi.nlm.nih.gov/compound/000057537
CID000002019,C62H86N12O16,1255.4,https://pubchem.ncbi.nlm.nih.gov/compound/000002019
CID000444013,C20H34GdN5O10,661.8,https://pubchem.ncbi.nlm.nih.gov/compound/000444013
CID000060787,C38H50N6O5,670.8,https://pubchem.ncbi.nlm.nih.gov/compound/000060787
CID000002719,C18H26ClN3,319.9,https://pubchem.ncbi.nlm.nih.gov/compound/000002719
CID000009052,C19H15NO6,353.3,https://pubchem.ncbi.nlm.nih.gov/compound/000009052
CID000004419,C21H27NO4,357.4,https://pubchem.ncbi.nlm.nih.gov/compound/000004419
CID000036811,C18H23NO3,301.4,https://pubchem.ncbi.nlm.nih.gov/compound/000036811
CID000003040,C19H16Cl2N3O5S-,469.3,https://pubchem.ncbi.nlm.nih.gov/compound/000003040
CID000003372,C22H26F3N3OS,437.5,https://pubchem.ncbi.nlm.nih.gov/compound/000003372
CID000002283,C66H103N17O16S,1422.7,https://pubchem.ncbi.nlm.nih.gov/compound/000002283
CID000123606,C17H25N3O2S,335.5,https://pubchem.ncbi.nlm.nih.gov/compound/000123606
CID005281007,C6H10N6O,182.18,https://pubchem.ncbi.nlm.nih.gov/compound/005281007
CID000150610,C22H25N3O7S,475.5,https://pubchem.ncbi.nlm.nih.gov/compound/000150610
CID000003291,C7H11NO2,141.17,https://pubchem.ncbi.nlm.nih.gov/compound/000003291
CID000003384,C22H29FO4,376.5,https://pubchem.ncbi.nlm.nih.gov/compound/000003384
CID000005070,C8H5F3N2OS,234.2,https://pubchem.ncbi.nlm.nih.gov/compound/000005070
CID000002708,C14H19Cl2NO2,304.2,https://pubchem.ncbi.nlm.nih.gov/compound/000002708
CID005282044,C29H39N5O8,585.6,https://pubchem.ncbi.nlm.nih.gov/compound/005282044
CID000014888,As2O3,197.841,https://pubchem.ncbi.nlm.nih.gov/compound/000014888
CID000002476,C29H41NO4,467.6,https://pubchem.ncbi.nlm.nih.gov/compound/000002476
CID000002551,C6H15N2O2+,147.2,https://pubchem.ncbi.nlm.nih.gov/compound/000002551
CID000003724,C35H44I6N6O15,1550.2,https://pubchem.ncbi.nlm.nih.gov/compound/000003724
CID000002177,C25H35N3O6S,505.6,https://pubchem.ncbi.nlm.nih.gov/compound/000002177
CID000004046,C17H16F6N2O,378.31,https://pubchem.ncbi.nlm.nih.gov/compound/000004046
CID000002673,C16H19N3O4S,349.4,https://pubchem.ncbi.nlm.nih.gov/compound/000002673
CID000003381,C24H30F2O6,452.5,https://pubchem.ncbi.nlm.nih.gov/compound/000003381
CID000072467,C55H84N17O21S3+,1415.6,https://pubchem.ncbi.nlm.nih.gov/compound/000072467
CID000004428,C20H23NO4,341.4,https://pubchem.ncbi.nlm.nih.gov/compound/000004428
CID000057469,C14H16N4,240.3,https://pubchem.ncbi.nlm.nih.gov/compound/000057469
CID004479097,C62H90CoN13O15P-2,1347.4,https://pubchem.ncbi.nlm.nih.gov/compound/004479097
CID000004932,C21H27NO3,341.4,https://pubchem.ncbi.nlm.nih.gov/compound/000004932
CID000077992,C14H17N3O,243.3,https://pubchem.ncbi.nlm.nih.gov/compound/000077992
CID000005505,C12H18N2O3S,270.35,https://pubchem.ncbi.nlm.nih.gov/compound/000005505
CID000002370,C7H17N2O2+,161.22,https://pubchem.ncbi.nlm.nih.gov/compound/000002370
CID000145068,NO,30.006,https://pubchem.ncbi.nlm.nih.gov/compound/000145068
CID000004730,C16H17N2O5S-,349.4,https://pubchem.ncbi.nlm.nih.gov/compound/000004730
CID000001546,C10H12ClN5O3,285.69,https://pubchem.ncbi.nlm.nih.gov/compound/000001546
CID000002725,C16H19ClN2,274.79,https://pubchem.ncbi.nlm.nih.gov/compound/000002725
CID000004723,C9H8N2O2,176.17,https://pubchem.ncbi.nlm.nih.gov/compound/000004723
CID000005381,C21H21NO2S,351.5,https://pubchem.ncbi.nlm.nih.gov/compound/000005381
CID000001206,C10H15N,149.23,https://pubchem.ncbi.nlm.nih.gov/compound/000001206
CID000153941,C12H15N5O3,277.28,https://pubchem.ncbi.nlm.nih.gov/compound/000153941
CID000003394,C15H13FO2,244.26,https://pubchem.ncbi.nlm.nih.gov/compound/000003394
CID000002170,C17H16ClN3O,313.8,https://pubchem.ncbi.nlm.nih.gov/compound/000002170
CID000002519,C8H10N4O2,194.19,https://pubchem.ncbi.nlm.nih.gov/compound/000002519
CID000003278,C13H12Cl2O4,303.13,https://pubchem.ncbi.nlm.nih.gov/compound/000003278
CID000004993,C12H13ClN4,248.71,https://pubchem.ncbi.nlm.nih.gov/compound/000004993
CID006435110,C95H146O28,1736.2,https://pubchem.ncbi.nlm.nih.gov/compound/006435110
CID000004211,C14H10Cl4,320.0,https://pubchem.ncbi.nlm.nih.gov/compound/000004211
CID000444033,C32H44O7,540.7,https://pubchem.ncbi.nlm.nih.gov/compound/000444033
CID005362070,C17H15N3O6,357.32,https://pubchem.ncbi.nlm.nih.gov/compound/005362070
CID000003373,C15H14FN3O3,303.29,https://pubchem.ncbi.nlm.nih.gov/compound/000003373
CID000003730,C19H26I3N3O9,821.1,https://pubchem.ncbi.nlm.nih.gov/compound/000003730
CID000004011,C20H23N,277.4,https://pubchem.ncbi.nlm.nih.gov/compound/000004011
CID000005486,C22H36N2O5S,440.6,https://pubchem.ncbi.nlm.nih.gov/compound/000005486
CID000005530,C9H11N,133.19,https://pubchem.ncbi.nlm.nih.gov/compound/000005530
CID000039860,C24H36O3,372.5,https://pubchem.ncbi.nlm.nih.gov/compound/000039860
CID000002182,C10H7Cl2N3O,256.08,https://pubchem.ncbi.nlm.nih.gov/compound/000002182
CID000005482,C16H13Cl3N2OS,387.7,https://pubchem.ncbi.nlm.nih.gov/compound/000005482
CID000002349,C16H18N2O4S,334.4,https://pubchem.ncbi.nlm.nih.gov/compound/000002349
CID000004645,C22H24N2O9,460.4,https://pubchem.ncbi.nlm.nih.gov/compound/000004645
CID000000815,C18H36N4O11,484.5,https://pubchem.ncbi.nlm.nih.gov/compound/000000815
CID003086258,C34H38N4O5,582.7,https://pubchem.ncbi.nlm.nih.gov/compound/003086258
CID000004497,C21H26N2O7,418.4,https://pubchem.ncbi.nlm.nih.gov/compound/000004497
CID000003642,C25H36O6,432.5,https://pubchem.ncbi.nlm.nih.gov/compound/000003642
CID000002232,C23H36N6O5S,508.6,https://pubchem.ncbi.nlm.nih.gov/compound/000002232
CID000004913,C13H21N3O,235.33,https://pubchem.ncbi.nlm.nih.gov/compound/000004913
CID000002675,C16H15N5O7S2,453.5,https://pubchem.ncbi.nlm.nih.gov/compound/000002675
CID000005052,C33H40N2O9,608.7,https://pubchem.ncbi.nlm.nih.gov/compound/000005052
CID000002266,C9H16O4,188.22,https://pubchem.ncbi.nlm.nih.gov/compound/000002266
CID009571074,C19H18N6O5S3,506.6,https://pubchem.ncbi.nlm.nih.gov/compound/009571074
CID000000158,C20H32O5,352.5,https://pubchem.ncbi.nlm.nih.gov/compound/000000158
CID000003562,C2HBrClF3,197.38,https://pubchem.ncbi.nlm.nih.gov/compound/000003562
